번호,회사명,종목코드,폐지일자,폐지사유,비고
603,래몽래인,200350,2021-12-30,코스닥시장 이전상장,래몽래인
602,SK머티리얼즈,036490,2021-12-27,피흡수합병,
601,GV,045890,2021-12-20,해산사유 발생(파산선고),
600,툴젠,199800,2021-12-10,코스닥시장 이전상장,툴젠
599,에스에이티이엔지,158300,2021-12-09,피흡수합병,
598,유안타제4호스팩,313750,2021-12-07,상장예비심사 청구서 미제출로 관리종목 지정 후 1개월 이내 동사유 미해소,
597,한화에스비아이스팩,317320,2021-12-07,상장예비심사 청구서 미제출로 관리종목 지정 후 1개월 이내 동 사유 미해소,
596,다이노나,086080,2021-11-22,피흡수합병,
595,바이옵트로,222160,2021-11-18,코스닥시장 이전상장,바이옵트로
594,녹십자셀,031390,2021-11-17,피흡수합병,
593,코오롱머티리얼,144620,2021-11-05,지주회사(최대주주등)의 완전자회사화 등,
592,케이비17호스팩,317030,2021-11-04,상장예비심사 청구서 미제출로 관리종목 지정 후 1개월 이내 동사유 미해소,
591,이엠네트웍스,087730,2021-10-08,기업의 계속성 및 경영의 투명성 등을 종합적으로 고려하여 상장폐지기준에 해당한다고 결정,
590,코너스톤네트웍스,033110,2021-10-08,감사의견 거절(감사범위 제한 및 계속기업 존속능력에 대한 불확실성),
589,에이아이비트,039230,2021-10-06,감사의견 거절(감사범위 제한),
588,미래테크놀로지,213090,2021-10-05,피흡수합병,
587,지유온,111820,2021-09-30,기업의 계속성 및 경영의 투명성 등을 종합적으로 고려하여 상장폐지기준에 해당한다고 결정,
586,에스앤디,260970,2021-09-29,코스닥시장 이전상장,에스앤디
585,엔에이치스팩13호,310840,2021-09-23,상장예비심사청구서 미제출,
584,맥스로텍,141070,2021-09-16,발행한 어음 또는 수표가 주거래은행에 의하여 최종부도로 결정되거나 거래은행에 의한 거래정지,
583,에스제이케이,080440,2021-09-13,해산사유 발생(파산선고),
582,에이비온,203400,2021-09-08,코스닥시장 이전상장,에이비온
581,디에스티,033430,2021-09-02,감사의견 한정(감사범위 제한),
580,폭스소프트,354230,2021-09-01,지정자문인 선임계약 해지 후 30일 이내 미체결(2021.8.18 限),
579,화신테크,086250,2021-08-31,감사의견 거절(감사범위 제한),
578,우리금융캐피탈,033660,2021-08-27,지주회사(최대주주등)의 완전자회사화 등,
577,팍스넷,038160,2021-08-23,감사의견 거절(감사범위 제한 및 계속기업 존속능력에 대한 불확실성),
576,엠로,058970,2021-08-13,코스닥시장 이전상장,엠로
575,럭슬,033600,2021-08-11,감사의견 거절(감사범위 제한),
574,PI첨단소재,178920,2021-08-09,유가증권시장 상장,PI첨단소재
573,제낙스,065620,2021-08-09,감사의견 거절(감사범위 제한 및 계속기업 존속능력에 대한 불확실성),
572,키움제5호스팩,311270,2021-08-02,상장예비심사 청구서 미제출로 관리종목 지정 후 1개월 이내 동사유 미해소,
571,에브리봇,270660,2021-07-28,코스닥시장 이전상장,에브리봇
570,휴럼,284420,2021-07-27,피흡수합병,
569,케이맥,043290,2021-07-20,피흡수합병,
568,GS홈쇼핑,028150,2021-07-16,피흡수합병,
567,SK4호스팩,307070,2021-07-13,상장예비심사 청구서 미제출로 관리종목 지정 후 1개월 이내 동사유 미해소,
566,하나머스트제6호스팩,307160,2021-07-08,상장예비심사 청구서 미제출로 관리종목 지정 후 1개월 이내 동사유 미해소,
565,엠씨넥스,097520,2021-07-06,유가증권시장 상장,엠씨넥스
564,라온테크,232680,2021-06-17,코스닥시장 이전상장,라온테크
563,에스앤씨엔진그룹,900080,2021-06-14,"법정제출기한까지 사업보고서를 제출하지 아니한 후, 법정제출기한의 다음날부터 10일이내에 사업보고서를 제출하지 아니함",
562,아이엠텍,226350,2021-06-11,감사의견 거절(감사범위 제한),
561,퓨전,195440,2021-06-10,감사의견 거절(감사범위 제한 및 계속기업 존속능력에 대한 불확실성),
560,행남사,008800,2021-06-07,기업의 계속성 및 경영의 투명성 등을 종합적으로 고려하여 상장폐지기준에 해당한다고 결정,
559,에이팸,073070,2021-06-04,기업의 계속성 및 경영의 투명성 등을 종합적으로 고려하여 상장폐지기준에 해당,
558,SGA클라우드서비스,224880,2021-05-06,분산요건 미달,
557,전우정밀,120780,2021-05-06,분산요건 미달,
556,에이치디,102210,2021-04-19,기업의 계속성 및 경영의 투명성 등을 종합적으로 고려하여 상장폐지기준에 해당한다고 결정,
555,한국아트라스비엑스,023890,2021-04-19,피흡수합병,
554,동성화학,005190,2021-04-16,해산 사유 발생,
553,구스앤홈,329050,2021-04-13,사업보고서 법정제출기한('21.3.31限)내 미제출,
552,미래SCI,028040,2021-04-13,"최근 2년간 3회 이상 공시규정 제19조제1항의 규정에 의한 사업보고서, 반기보고서 또는 분기보고서 법정제출기한 내 미제출",
551,씨이랩,189330,2021-02-24,코스닥시장 이전상장,씨이랩
550,피엔에이치테크,239890,2021-02-16,코스닥시장 이전상장,피엔에이치테크
549,이매진아시아,036260,2021-02-15,기업의 계속성 및 경영의 투명성 등을 종합적으로 고려하여 상장폐지기준에 해당,
548,원바이오젠,278380,2021-02-09,피흡수합병,
547,이에스산업,241510,2021-01-26,지정자문인 선임계약 해지 후 30일 이내 미체결(2021.1.13 限),
546,한국제7호스팩,291210,2021-01-15,상장예비심사 청구서 미제출로 관리종목 지정 후 1개월 이내 동사유 미해소,
545,엠에프엠코리아,251960,2020-12-30,피흡수합병,
544,TS트릴리온,284610,2020-12-30,피흡수합병,
543,에스케이엔펄스,057500,2020-12-23,타법인의 완전자회사로 편입,
542,지놈앤컴퍼니,314130,2020-12-23,코스닥시장 이전상장,지놈앤컴퍼니
541,코리아오토글라스,152330,2020-12-18,해산 사유 발생,
540,에프앤가이드,064850,2020-12-17,코스닥시장 이전상장,에프앤가이드
539,비엔에프코퍼레이션,271780,2020-11-05,상장폐지 신청('20.10.13),
538,미코바이오메드,214610,2020-10-22,코스닥시장 이전상장,미코바이오메드
537,비나텍,126340,2020-09-23,코스닥시장 이전상장,비나텍
536,파티게임즈,194510,2020-09-09,감사의견거절(감사범위 제한),
535,신한제4호스팩,277480,2020-08-20,상장예비심사 청구서 미제출로 관리종목 지정 후 1개월 이내 동 사유 미해소,
534,코썬바이오,204990,2020-08-11,기업의 계속성 및 경영의 투명성 등을 종합적으로 고려하여 상장폐지기준에 해당한다고 결정,
533,티씨엠생명과학,228180,2020-08-07,포괄적 주식교환에 따른 상장폐지 신청('20.7.17),
532,바이오빌,065940,2020-07-31,감사의견 거절(감사범위 제한 및 계속기업 존속능력에 대한 불확실성),
531,에코앤드림,101360,2020-07-30,코스닥시장 이전상장,에코앤드림
530,한국제6호스팩,281410,2020-07-27,상장예비심사 청구서 미제출로 관리종목 지정 후 1개월 이내 동 사유 미해소,
529,제놀루션,225220,2020-07-24,코스닥시장 이전상장,제놀루션
528,티에스아이,277880,2020-07-22,코스닥시장 이전상장,티에스아이
527,고려개발,004200,2020-07-21,해산 사유 발생,
526,인터파크,108790,2020-07-16,피흡수합병,
525,한국제지,002300,2020-07-13,해산 사유 발생,
524,모다,149940,2020-07-10,감사의견거절(감사범위 제한),
523,한화에이스스팩4호,279410,2020-07-03,상장예비심사 청구서 미제출로 관리종목 지정 후 1개월 이내 동 사유 미해소,
522,화진,134780,2020-07-02,감사의견거절(감사범위제한),
521,하나니켈2호,099350,2020-07-01,존속기간 만료,
520,하나니켈1호,099340,2020-07-01,존속기간 만료,
519,신한,005450,2020-06-30,감사의견 의견거절 2년 계속,
518,에스에프씨,112240,2020-06-30,감사의견 거절(감사범위 제한),
517,젠큐릭스,229000,2020-06-25,코스닥시장 이전상장,젠큐릭스
516,동북아12호선박투자,083370,2020-06-23,존속기간 만료,
515,IBKS제7호스팩,276920,2020-06-18,상장예비심사 청구서 미제출로 관리종목 지정 후 1개월 이내 동 사유 미해소,
514,LPK로보틱스,183350,2020-06-17,"외부감사인의 감사의견 거절(감사범위 제한), 감사의견 한정(감사범위 제한)",
513,카이노스메드,220250,2020-06-08,피흡수합병,
512,웅진에너지,103130,2020-06-01,감사의견 의견거절 2년 계속,
511,이엘케이,094190,2020-05-22,감사의견 거절(감사범위 제한 및 계속기업 존속능력에 대한 불확실성),
510,차이나그레이트,900040,2020-05-22,"법정제출기한까지 사업보고서를 제출하지 아니한 후, 법정제출기한의 다음날부터 10일이내에 사업보고서를 제출하지 아니함",
509,피앤텔,054340,2020-05-21,감사의견 거절(감사범위 제한 및 계속기업 존속능력에 대한 불확실성),
508,에스마크,030270,2020-05-21,감사의견거절(감사범위제한 및 계속기업 존속 불확실),
507,리드,197210,2020-05-14,기업의 계속성 및 경영의 투명성 등을 종합적으로 고려하여 상장폐지기준에 해당한다고 결정,
506,케미메디,205290,2020-05-13,외부감사인의 감사의견 의견거절(감사범위 제한),
505,씨티네트웍스,189540,2020-05-12,감사의견 거절(계속기업 존속능력에 대한 불확실성),
504,동북아13호선박투자,083380,2020-05-04,존속기간 만료,
503,하이골드8호,159650,2020-04-27,감사의견 부적정,
502,한화갤러리아타임월드,027390,2020-04-16,지주회사(최대주주등)의 완전자회사화 등,
501,파인넥스,123260,2020-04-10,"제28조제1항제9호에 따라 관리종목 지정 후 공시규정 제19조제1항에 따른 사업보고서 법정제출기한 내 미제출, 최근 2년간 3회 이상 공시규정 제19조제1항의 규정에 의한 사업보고서, 반기보고서 또는 분기보고서 법정제출기한 내 미제출",
500,드림티엔터테인먼트,220110,2020-04-10,사업보고서 법정제출기한('20.3.30限)내 미제출,
499,두산건설,011160,2020-03-24,지주회사(최대주주등)의 완전자회사화 등,
498,한국제5호스팩,271740,2020-03-03,상장예비심사 청구서 미제출로 관리종목 지정 후 1개월 이내 동 사유 미해소,
497,대원모방,311840,2020-02-27,지정자문인 선임계약 해지 후 30일 이내 미체결(2020.2.13 限),
496,유쎌,252370,2020-02-27,지정자문인 선임계약 해지 후 30일 이내 미체결(2020.2.13 限),
495,오렌지라이프,079440,2020-02-14,지주회사(최대주주등)의 완전자회사화 등,
494,썬텍,122800,2020-02-12,기업의 계속성 및 경영의 투명성 등을 종합적으로 고려하여 상장폐지기준에 해당한다고 결정,
493,위세아이텍,065370,2020-02-10,코스닥시장 이전상장,위세아이텍
492,한컴지엠디,077280,2020-01-16,피흡수합병,
491,한화수성스팩,265920,2020-01-15,상장예비심사 청구서 미제출로 관리종목 지정후 1개월 이내 동사유를 미해소,
490,미래에셋대우스팩1호,265480,2020-01-03,상장예비심사 청구서 미제출로 관리종목 지정 후 1개월 이내 동 사유 미해소,
489,소프트캠프,210610,2019-12-30,피흡수합병,
488,아이엘사이언스,122050,2019-12-27,피흡수합병,
487,제이테크놀로지,035480,2019-12-12,기업의 계속성 및 경영의 투명성 등을 종합적으로 고려하여 상장폐지기준에 해당한다고 결정,
486,한화에이스스팩3호,264290,2019-12-06,상장예비심사 청구서 미제출로 관리종목 지정 후 1개월 이내 동 사유 미해소,
485,리메드,302550,2019-12-06,코스닥시장 이전상장,리메드
484,인프라웨어테크놀러지,247300,2019-12-06,피흡수합병,
483,한국비엔씨,226610,2019-12-03,피흡수합병,
482,데코앤이,017680,2019-11-20,발행한 어음 또는 수표가 주거래은행에 의하여 최종부도로 결정되거나 거래은행에 의한 거래정지,
481,자비스,230400,2019-11-15,피흡수합병,
480,미디어젠,279600,2019-11-05,코스닥시장 이전상장,미디어젠
479,콘텐트리중앙,036420,2019-10-18,유가증권시장 상장,콘텐트리중앙
478,대신밸런스제4호스팩,262830,2019-10-10,상장예비심사 청구서 미제출로 관리종목 지정 후 1개월 이내 동 사유 미해소,
477,세종머티리얼즈,135270,2019-10-02,파산선고에 따른 해산사유 발생,
476,알로이스,271400,2019-10-01,피흡수합병,
475,신한제3호스팩,257730,2019-10-01,상장예비심사 청구서 미제출로 관리종목 지정 후 1개월 이내 동 사유 미해소,
474,쿠첸,225650,2019-09-16,타법인의 완전자회사로 편입,
473,SK3호스팩,232330,2019-08-30,상장예비심사 청구서 미제출로 관리종목 지정 후 1개월 이내 동 사유 미해소,
472,그린플러스,186230,2019-08-07,코스닥시장 이전상장,그린플러스
471,현대정보기술,026180,2019-07-17,피흡수합병,
470,주노콜렉션,221670,2019-07-16,지정자문인 선임계약 해지 후 30일 이내 미체결(2019.7.2 限),
469,포인트엔지니어링,176560,2019-07-16,피흡수합병,
468,엔케이맥스,262760,2019-07-04,피흡수합병,
467,사조해표,079660,2019-06-26,해산 사유 발생,
466,줌인터넷,229480,2019-06-10,피흡수합병,
465,포스코퓨처엠,003670,2019-05-29,유가증권시장 상장,포스코퓨처엠
464,수젠텍,253840,2019-05-28,코스닥시장 이전상장,수젠텍
463,영현무역,242850,2019-05-22,지정자문인 선임계약 해지 후 30일 이내 미체결(2019.5.8 限),
462,알보젠코리아,002250,2019-05-20,지주회사(최대주주등)의 완전자회사화 등,
461,트러스제7호,140890,2019-05-07,해산 사유 발생,
460,에프티이앤이,065160,2019-05-03,감사의견 거절(감사범위 제한),
459,지노믹트리,228760,2019-03-27,코스닥시장 이전상장,지노믹트리
458,더블유게임즈,192080,2019-03-12,유가증권시장 상장,더블유게임즈
457,제이에스피브이,250300,2019-03-04,지정자문인 선임계약 해지 후 30일이내 미체결(2019.2.1 限),
456,스페이스솔루션,245030,2019-02-27,상장폐지 신청('19.1.25),
455,원익테라세미콘,123100,2019-02-20,피흡수합병,
454,우리은행,000030,2019-02-13,지주회사(최대주주등)의 완전자회사화 등,
453,한국4호스팩,240540,2019-01-29,상장예비심사 청구서 미제출로 관리종목 지정 후 1개월 이내 동 사유 미해소,
452,차이나하오란,900090,2019-01-02,제28조제1항제9호에 따라 관리종목 지정 후 공시규정 제19조 제1항에 따른 분기보고서 법정기한 내 미제출,
451,대덕GDS,004130,2018-12-19,해산 사유 발생,
450,한국유리공업,002000,2018-12-13,신청에 의한 상장폐지,
449,나무기술,167380,2018-12-11,피흡수합병,
448,극동자동화,272420,2018-11-15,상장폐지 신청('18.11.5),
447,본느,242420,2018-10-29,피흡수합병,
446,광주은행,192530,2018-10-26,지주회사(최대주주등)의 완전자회사화 등,
445,지디,155960,2018-10-12,감사의견 거절(감사범위 제한),
444,하이에이아이1호스팩,235010,2018-10-12,상장예비심사 청구서 미제출로 관리종목 지정 후 1개월 이내 동 사유 미해소,
443,케이비제9호스팩,232270,2018-10-12,상장예비심사 청구서 미제출로 관리종목 지정 후 1개월 이내 동 사유 미해소,
442,우성아이비,194610,2018-10-12,감사의견거절(감사범위 제한 및 계속기업 존속능력에 대한 불확실성),
441,세신버팔로,110660,2018-10-11,지정자문인 선임계약 해지 후 30일이내 미체결(2018.9.20限),
440,트레이스,052290,2018-10-11,감사의견거절(감사범위 제한),
439,넥스지,081970,2018-10-11,감사의견거절(감사범위제한),
438,C&S자산관리,032040,2018-10-11,감사의견거절(범위제한 및 계속기업 존속능력에 대한 불확실성),
437,레이젠,047440,2018-10-11,감사의견거절(감사범위 제한 및 계속기업 존속능력에 대한 불확실성),
436,위너지스,026260,2018-10-11,감사의견거절(감사범위 제한),
435,성지건설,005980,2018-10-04,감사의견 의견거절,
434,케이엠제약,237720,2018-09-28,피흡수합병,
433,지티지웰니스,219750,2018-09-21,코스닥시장 이전상장,지티지웰니스
432,카카오M,016170,2018-09-18,피흡수합병,
431,인산가,062580,2018-09-11,피흡수합병,
430,에스와이제이,251540,2018-09-07,감사의견 거절(감사범위 제한),
429,디지캡,197140,2018-09-07,코스닥시장 이전상장,디지캡
428,오파스넷,173130,2018-08-24,코스닥시장 이전상장,오파스넷
427,지성이씨에스,138290,2018-08-22,상장폐지 신청('18.7.19),
426,에임하이,043580,2018-08-10,감사의견거절(감사범위 제한),
425,피엠디아카데미,144740,2018-08-07,지정자문인 선임계약 해지 후 30일이내 미체결(2018.07.24限),
424,동부제4호스팩,230490,2018-07-26,상장예비심사 청구서 미제출로 관리종목 지정 후 1개월 이내 동 사유 미해소,
423,CJ E&M,130960,2018-07-18,피흡수합병,
422,SIMPAC Metal,090730,2018-07-17,피흡수합병,
421,하림홀딩스,024660,2018-07-16,피흡수합병,
420,신텍,099660,2018-07-09,발행한 어음 또는 수표가 주거래은행에 의하여 최종부도로 결정되거나 거래은행에 의한 거래정지,
419,키움스팩4호,226850,2018-06-05,상장예비심사 청구서 미제출로 관리종목 지정 후 1개월 이내 동 사유 미해소,
418,이베스트스팩3호,225440,2018-05-28,상장예비심사 청구서 미제출로 관리종목 지정 후 1개월 이내 동 사유 미해소,
417,완리,900180,2018-05-23,감사의견거절(감사범위 제한),
416,시냅스엠,246830,2018-05-14,감사의견 거절(계속기업 존속능력에 대한 불확실성),
415,태경피엔에스,235090,2018-05-09,감사의견 거절(감사범위 제한),
414,스틸플라워,087220,2018-05-08,감사의견거절(감사범위 제한 및 계속기업 존속능력에 대한 불확실성),
413,씨그널엔터테인먼트그룹,099830,2018-05-04,감사의견거절(감사범위 제한),
412,에스엠로보틱스,252940,2018-04-25,감사의견 거절(감사범위 제한 및 계속기업 존속능력에 대한 불확실성),
411,유디피,091270,2018-04-18,지정자문인 선임계약 해지 후 30일이내 미체결(2018.04.04限),
410,유진스팩3호,221200,2018-04-17,상장예비심사 청구서 미제출로 관리종목 지정 후 1개월 이내 동 사유 미해소,
409,교보5호스팩,223040,2018-03-30,상장예비심사 청구서 미제출로 관리종목 지정 후 1개월 이내 동 사유 미해소,
408,케이비드림3호스팩,221950,2018-03-30,상장예비심사 청구서 미제출로 관리종목 지정 후 1개월 이내 동 사유 미해소,
407,세기리텍,199870,2018-03-28,지정자문인 선임계약 해지후 30일이내 미체결(18.3.14限),
406,도레이케미칼,008000,2018-03-20,지주회사(최대주주등)의 완전자회사화 등,
405,썬코어,051170,2018-03-15,'16사업연도 감사의견거절(계속기업 존속능력에 대한 불확실성) 및 '17사업연도 반기 감사의견거절(계속기업 존속능력에 대한 불확실성),
404,케이비제8호스팩,222390,2018-03-13,상장예비심사 청구서 미제출로 관리종목 지정 후 1개월 이내 동 사유 미해소,
403,위노바,039790,2018-03-09,기업의 계속성 및 경영의 투명성 등을 종합적으로 고려하여 상장폐지기준에 해당한다고 결정,
402,한화에이스스팩2호,219860,2018-03-02,상장예비심사 청구서 미제출로 관리종목 지정 후 1개월 이내 동 사유 미해소,
401,유안타제2호스팩,219960,2018-02-23,상장예비심사 청구서 미제출로 관리종목 지정 후 1개월 이내 동 사유 미해소,
400,오스테오닉,226400,2018-02-22,코스닥시장 이전상장,오스테오닉
399,엔지켐생명과학,183490,2018-02-21,코스닥시장 이전상장,엔지켐생명과학
398,키움스팩3호,218710,2018-02-14,상장예비심사 청구서 미제출로 관리종목 지정 후 1개월 이내 동 사유 미해소,
397,패션플랫폼,256090,2018-02-13,피흡수합병,
396,아시아종묘,154030,2018-02-12,코스닥시장 이전상장,아시아종묘
395,셀트리온,068270,2018-02-09,유가증권시장 상장,셀트리온
394,골든브릿지제3호스팩,219580,2018-02-07,상장예비심사 청구서 미제출로 관리종목 지정 후 1개월 이내 동 사유 미해소,
393,링크제니시스,219420,2018-02-05,코스닥시장 이전상장,링크제니시스
392,엔에이치스팩7호,217810,2018-01-19,상장예비심사 청구서 미제출로 관리종목 지정 후 1개월 이내 동 사유 미해소,
391,미래에셋제3호스팩,215750,2018-01-04,상장예비심사 청구서 미제출로 관리종목 지정 후 1개월 이내 동 사유 미해소,
390,미래자원엠엘,233190,2017-12-28,피흡수합병,
389,대우스팩3호,215580,2017-12-26,상장예비심사 청구서 미제출로 관리종목 지정 후 1개월 이내 동 사유 미해소,
388,SGA시스템즈,232290,2017-12-22,피흡수합병,
387,아이이,023430,2017-12-20,기업의 계속성 및 경영의 투명성 등을 종합적으로 고려하여 상장폐지기준에 해당한다고 결정,
386,캐로스,260490,2017-11-29,지정자문인 선임계약 해지 후 30일이내 미체결(2017.11.15限),
385,비디아이,148140,2017-11-09,코스닥시장 이전상장,비디아이
384,SK1호스팩,207930,2017-11-06,상장예비심사 청구서 미제출로 관리종목 지정 후 1개월 이내 동 사유 미해소,
383,폴라리스세원,234100,2017-10-20,코스닥시장 이전상장,폴라리스세원
382,골든브릿지제2호스팩,206660,2017-10-20,상장예비심사 청구서 미제출로 관리종목 지정 후 1개월 이내 동 사유 미해소,
381,엔에이치SL스팩,207720,2017-10-16,상장예비심사 청구서 미제출로 관리종목 지정 후 1개월 이내 동 사유 미해소,
380,한진피앤씨,061460,2017-09-29,피흡수합병,
379,중국원양자원,900050,2017-09-27,감사의견 의견거절,
378,세화피앤씨,085980,2017-09-19,피흡수합병,
377,엔에스브이,095300,2017-09-12,"감사의견 거절(내부회계관리제도상의 취약점, 계속기업가정의 불확실성 및 재고자산 관련 감사범위 제한)",
376,케이피에스,256940,2017-09-06,코스닥시장 이전상장,케이피에스
375,디피앤케이,189700,2017-08-31,지정자문인 선임계약 해지 후 30일이내 미체결(2017.08.17限),
374,대성합동지주,005620,2017-08-25,해산 사유 발생,
373,다린,204690,2017-08-02,상장폐지 신청('17.07.28),
372,하나머스트3호스팩,208870,2017-07-31,상장예비심사 청구서 미제출로 관리종목 지정 후 1개월 이내 동 사유 미해소,
371,아시아퍼시픽15호,083620,2017-07-31,존속기간 만료,
370,아스팩오일,232360,2017-07-25,지정자문인 선임계약 해지 후 30일이내 미체결(2017.07.11限),
369,웨이포트,900130,2017-07-25,상장폐지 신청('17.06.22),
368,KB캐피탈,021960,2017-07-21,지주회사(최대주주등)의 완전자회사화 등,
367,KB손해보험,002550,2017-07-21,지주회사(최대주주등)의 완전자회사화 등,
366,비앤에스미디어,156170,2017-07-13,지정자문인 선임계약 해지 후 30일이내 미체결(2017.6.29限),
365,카카오,035720,2017-07-10,유가증권시장 상장,카카오
364,케이티비스팩1호,204650,2017-07-07,상장예비심사 청구서 미제출로 관리종목 지정 후 1개월 이내 동 사유 미해소,
363,보루네오가구,004740,2017-07-05,"기업의 계속성, 경영의 투명성 및 기타 공익과 투자자 보호 등을 종합적으로 고려하여 상장폐지 기준에 해당한다고 결정",
362,아시아퍼시픽14호,083610,2017-06-20,신청에 의한 상장폐지,
361,아시아퍼시픽13호,083600,2017-06-15,신청에 의한 상장폐지,
360,현대에이블스팩1호,204760,2017-06-15,상장예비심사 청구서 미제출로 관리종목 지정 후 1개월 이내 동 사유 미해소,
359,아시아퍼시픽12호,083590,2017-06-15,신청에 의한 상장폐지,
358,아시아퍼시픽11호,083580,2017-06-15,신청에 의한 상장폐지,
357,아시아10호,083570,2017-06-15,신청에 의한 상장폐지,
356,동북아11호선박투자,083360,2017-06-14,신청에 의한 상장폐지,
355,동북아14호선박투자,083390,2017-06-14,신청에 의한 상장폐지,
354,동북아10호선박투자,083350,2017-06-14,신청에 의한 상장폐지,
353,금오하이텍,165270,2017-06-07,최종부도 발생,
352,대우스팩2호,204440,2017-05-29,상장예비심사 청구서 미제출로 관리종목 지정 후 1개월 이내 동 사유 미해소,
351,에스에스컴텍,036500,2017-05-11,감사의견 거절(감사범위 제한 및 계속기업 존속능력에 대한 불확실성),
350,비엔씨컴퍼니,058370,2017-05-08,감사범위제한으로 인한 한정의견,
349,신양오라컴,086830,2017-05-08,감사의견 거절(감사범위 제한 및 계속기업 존속능력에 대한 불확실성),
348,코리아03호,090990,2017-04-25,감사의견 의견거절,
347,코리아02호,090980,2017-04-25,감사의견 의견거절,
346,코리아01호,090970,2017-04-25,감사의견 의견거절,
345,코리아04호,091000,2017-04-25,감사의견 의견거절,
344,넥솔론,110570,2017-04-17,자본전액잠식,
343,우전,052270,2017-04-13,자본전액잠식 등,
342,SY이노베이션,194860,2017-04-12,감사의견 거절(감사범위제한),
341,이엘피,063760,2017-04-06,코스닥시장 이전상장,이엘피
340,한솔아트원제지,007190,2017-03-15,해산 사유 발생,
339,케이엔씨글로벌,068150,2017-03-07,기업의 계속성 및 경영의 투명성 등을 종합적으로 고려하여 상장폐지기준에 해당한다고 결정,
338,한진해운,117930,2017-03-07,해산 사유 발생,
337,SK컴즈,066270,2017-02-27,상장폐지신청('17.02.07),
336,프리젠,060910,2017-02-24,최근 5사업연도 연속 영업손실 발생,
335,한주라이트메탈,198940,2017-02-21,상장폐지 신청('17.1.18),한주라이트메탈
334,미래에셋증권,037620,2017-01-20,해산 사유 발생,
333,씨아이에스,144630,2017-01-20,피흡수합병,
332,LG생명과학,068870,2017-01-17,해산 사유 발생,
331,하이골드2호,139200,2017-01-11,신청에 의한 상장폐지,
330,신성이엔지,104110,2017-01-02,해산 사유 발생,
329,신성에프에이,104120,2017-01-02,해산 사유 발생,
328,나이코,192240,2016-12-23,상장폐지 신청('16.12.9),
327,코썬바이오,204990,2016-12-09,코스닥시장 이전상장,
326,유니온커뮤니티,203450,2016-12-07,코스닥시장 이전상장,유니온커뮤니티
325,솔트웍스,222520,2016-12-05,피흡수합병,
324,이푸른,185280,2016-12-05,지정자문인 선임계약 해지 후 30일이내 미체결(2016.11.21限),
323,퓨쳐켐,220100,2016-12-01,코스닥시장 이전상장,퓨쳐켐
322,엘앤케이바이오,156100,2016-11-30,코스닥시장 이전상장,엘앤케이바이오
321,핸디소프트,220180,2016-11-24,코스닥시장 이전상장,핸디소프트
320,현대페인트,011720,2016-11-21,감사의견 의견거절,
319,KB증권,003450,2016-11-01,지주회사(최대주주등)의 완전자회사화 등,
318,아이팩토리,053810,2016-09-19,감사의견 거절(감사범위 제한 및 기업회계기준 위배),
317,씨엘인터내셔널,037340,2016-09-08,2반기 연속 자본잠식률 50% 이상,
316,엠제이비,074150,2016-09-05,감사의견거절(감사범위 제한),
315,부산방직,025270,2016-08-18,피흡수합병,
314,태림페이퍼,019300,2016-08-11,신청에 의한 상장폐지,
313,디와이엘엔제이,207230,2016-07-26,지정자문인 선임계약의 해지한 날의 다음날부터 30일이내(2016.07.12限) 지정자문인 선임계약 미체결,
312,피엘에이,082390,2016-07-25,기업의 계속성 및 경영의 투명성 등을 종합적으로 고려하여 상장폐지기준에 해당한다고 결정,
311,아이윈플러스,123010,2016-07-20,코스닥시장 이전상장,아이윈플러스
310,동서,026960,2016-07-15,유가증권시장 상장,동서
309,에이치앤아이,103650,2016-07-14,최종부도 발생,
308,한국토지신탁,034830,2016-07-11,유가증권시장 상장,한국토지신탁
307,비지스틸,179440,2016-07-07,상장폐지 신청('16.6.14),
306,비엘,142760,2016-07-07,코스닥시장 이전상장,비엘
305,정다운,224090,2016-06-29,피흡수합병,
304,알엔투테크놀로지,148250,2016-06-22,코스닥시장 이전상장,알엔투테크놀로지
303,바다로3호,092630,2016-06-13,신청에 의한 상장폐지,
302,경남에너지,008020,2016-05-19,신청에 의한 상장폐지,
301,티이씨코,008900,2016-05-17,해산 사유 발생,
300,제이앤유글로벌,086200,2016-05-09,감사의견거절(감사범위 제한),
299,오상헬스케어,036220,2016-05-09,감사의견 거절(감사범위 제한으로 인한 의견거절),
298,아이디에스,078780,2016-04-28,'14사업연도 자본잠식률 50%이상 사유로 관리종목 지정 후 '15사업연도 반기 감사의견 거절,
297,삼목강업,158380,2016-04-21,피흡수합병,
296,포스코플랜텍,051310,2016-04-15,자본전액잠식,
295,닉스테크,063840,2016-04-12,피흡수합병,
294,플렉스컴,065270,2016-04-12,자본전액잠식,
293,한화화인케미칼,025850,2016-03-15,해산 사유 발생,
292,테라텍,151750,2016-02-23,상장폐지 신청('16.02.01),
291,승화프리텍,111610,2016-01-25,"기업의 계속성, 경영의 투명성 또는 그 밖에 코스닥시장의 건전성 등을 종합적으로 고려하여 상장폐지 기준에 해당한다고 결정",
290,삼양제넥스,003940,2016-01-21,해산 사유 발생,
289,예스티,122640,2015-12-16,코스닥시장 이전상장,예스티
288,리드,197210,2015-11-20,코스닥시장 이전상장,
287,DXVX,180400,2015-11-20,코스닥시장 이전상장,DXVX
286,매직마이크로,127160,2015-11-19,코스닥시장 이전상장,
285,아이진,185490,2015-11-16,코스닥시장 이전상장,아이진
284,평산차업,950010,2015-11-05,시가총액 미달,
283,엑시콘,092870,2015-10-22,코스닥시장 이전상장,엑시콘
282,코크렙15호,121550,2015-10-16,매출액 미달(50억원 미만) 2년 계속,
281,GT&T,053870,2015-10-15,'14사업연도 자본잠식률 50%이상 사유로 관리종목 지정 후 '15사업연도 반기 감사의견 거절,
280,프렉코,082220,2015-09-25,지정자문인 선임계약의 해지한 날의 다음날부터 30일이내(2015.09.11限) 지정자문인 선임계약 미체결,
279,KCW,068060,2015-09-18,"기업의 계속성, 경영의 투명성 또는 그 밖에 코스닥시장의 건전성 등을 종합적으로 고려하여 상장폐지 기준에 해당한다고 결정",
278,이코리아리츠,138440,2015-09-16,"기업의 계속성, 경영의 투명성 및 기타 공익과 투자자 보호 등을 종합적으로 고려하여 상장폐지 기준에 해당한다고 결정",
277,삼성물산,000830,2015-09-15,해산 사유 발생,
276,SK,003600,2015-08-17,해산 사유 발생,
275,칩스앤미디어,094360,2015-08-05,코스닥시장 이전상장,칩스앤미디어
274,디아이디,074130,2015-07-23,"기업의 계속성, 경영의 투명성 또는 그 밖에 코스닥시장의 건전성 등을 종합적으로 고려하여 상장폐지 기준에 해당한다고 결정",
273,동성하이켐,013450,2015-07-20,피흡수합병,
272,와이즈파워,040670,2015-07-16,자본전액잠식 등,
271,현대하이스코,010520,2015-07-15,해산 사유 발생,
270,에이스하이텍,071930,2015-07-10,감사의견거절(감사범위 제한),
269,SK브로드밴드,033630,2015-07-01,상장폐지신청('15.6.11),
268,경남은행,192520,2015-06-23,지주회사(최대주주등)의 완전자회사화 등,
267,베셀,177350,2015-06-19,코스닥시장 이전상장,베셀
266,티에스엠텍,066350,2015-05-20,발행한 어음 또는 수표가 주거래은행에 의하여 최종부도로 결정되거나 거래은행에 의한 거래정지,
265,태창파로스,039850,2015-05-19,기업의 계속성 및 경영의 투명성 등을 종합적으로 고려하여 상장폐지기준에 해당한다고 결정,
264,씨앤케이인터,039530,2015-05-19,기업의 계속성 및 경영의 투명성 등을 종합적으로 고려하여 상장폐지기준에 해당한다고 결정,
263,잘만테크,090120,2015-05-13,감사의견 거절(계속기업 존속능력에 대한 불확실성 및 감사범위 제한),
262,해피드림,065180,2015-05-04,감사범위제한으로 인한 한정의견,
261,스탠다드펌,179280,2015-04-30,감사의견 거절(감사범위 제한 및 계속기업 존속능력에 대한 불확실성),
260,웹솔루스,160350,2015-04-30,감사의견 거절(감사범위 제한 및 계속기업 존속능력에 대한 불확실성),
259,영진코퍼레이션,053330,2015-04-23,자본전액잠식,
258,삼환기업,000360,2015-04-15,자본전액잠식,
257,경남기업,000800,2015-04-15,자본전액잠식,
256,자원메디칼,181980,2015-04-15,상장폐지 신청('15.03.23),
255,신일건업,014350,2015-04-15,자본전액잠식,
254,울트라건설,004320,2015-04-13,자본전액잠식,
253,우양에이치씨,101970,2015-03-17,발행한 어음 또는 수표가 주거래은행에 의하여 최종부도로 결정되거나 거래은행에 의한 거래 정지,
252,아시아5호,082240,2015-03-13,신청에 의한 상장폐지,
251,아시아6호,082250,2015-03-13,신청에 의한 상장폐지,
250,아시아7호,082260,2015-03-13,신청에 의한 상장폐지,
249,케이비부국위탁리츠,149130,2015-03-02,감사의견 부적정,
248,로케트전기,000420,2015-02-24,감사의견 의견거절,
247,아시아8호,081930,2015-02-17,신청에 의한 상장폐지,
246,국제엘렉트릭,053740,2015-02-10,상장폐지 신청('15.01.15),
245,터보테크,032420,2015-01-27,기업의 계속성 및 경영의 투명성 등을 종합적으로 고려하여 상장폐지기준에 해당한다고 결정,
244,디지텍시스템,091690,2015-01-21,감사의견 거절(감사범위 제한 및 계속기업 존속능력에 대한 불확실성),
243,NH농협증권,016420,2015-01-20,해산 사유 발생,
242,아시아4호,081210,2015-01-20,존속기간 만료,
241,코크렙8호,090540,2015-01-16,해산 사유 발생,
240,유니온스틸,003640,2015-01-16,해산 사유 발생,
239,아시아9호,081940,2015-01-08,존속기간 만료,
238,SBI모기지,950100,2015-01-07,신청에 의한 상장폐지,
237,삼양엔텍,008720,2014-12-30,해산 사유 발생,
236,아이티센,124500,2014-12-23,코스닥시장 이전상장,아이티센
235,아시아3호,081200,2014-12-22,존속기간 만료,
234,아시아2호,081190,2014-12-18,존속기간 만료,
233,하이로닉,149980,2014-12-17,코스닥시장 이전상장,하이로닉
232,랩지노믹스,084650,2014-12-16,코스닥시장 상장,랩지노믹스
231,우리금융지주,053000,2014-11-19,해산 사유 발생,
230,판타지오,187770,2014-11-10,피흡수합병,
229,퓨얼셀,139170,2014-10-30,피흡수합병,
228,테라셈,182690,2014-10-30,코스닥시장 상장,
227,에프지엔개발리츠,119250,2014-10-29,"기업의 계속성, 경영의 투명성 및 기타 공익과 투자자 보호 등을 종합적으로 고려하여 상장폐지 기준에 해당한다고 결정",
226,메디아나,041920,2014-10-07,코스닥시장 상장,메디아나
225,뉴아세아,013340,2014-09-02,감사의견거절(감사범위 제한 및 계속기업 존속능력에 대한 불확실성),
224,디브이에스,046400,2014-09-02,감사의견거절(감사범위제한),
223,유니드코리아,110500,2014-09-02,감사의견 거절(계속기업 존속능력에 대한 불확실성),
222,아진엑스텍,059120,2014-07-24,코스닥시장 상장,아진엑스텍
221,에버테크노,070480,2014-07-17,감사의견 거절(감사범위 제한 및 계속기업 존속능력에 대한 불확실성,
220,제일모직,001300,2014-07-15,해산 사유 발생,
219,아시아1호,080180,2014-07-10,신청에 의한 상장폐지,
218,실리콘화일,082930,2014-05-23,상장폐지신청('14.04.22),
217,파브코,101990,2014-05-21,해산 사유 발생,
216,CU전자,056340,2014-05-21,최종부도 발생,
215,아라온테크,041060,2014-05-08,감사의견 거절(감사범위 제한 및 계속기업 존속능력에 대한 불확실성),
214,동양건설,005900,2014-04-25,자본전액잠식,
213,벽산건설,002530,2014-04-25,공시서류 미제출(사업보고서) 후 10일이내 미제출,
212,동북아5호,080980,2014-04-25,신청에 의한 상장폐지,
211,화인자산관리,010460,2014-04-15,보통주 주식분포요건 미충족 2년 계속,
210,STX조선해양,067250,2014-04-15,자본전액잠식,
209,쌍용건설,012650,2014-04-11,자본전액잠식 등,
208,나노트로닉스,010670,2014-04-11,기업의 계속성 및 경영의 투명성 등을 종합적으로 고려하여 상장폐지기준에 해당,
207,모린스,110310,2014-04-11,자본전액잠식 등,
206,태산엘시디,036210,2014-04-11,자본전액잠식등,
205,JS전선,005560,2014-04-10,신청에 의한 상장폐지,
204,엠텍비젼,074000,2014-03-27,최근 5사업연도 연속 영업손실 발생 등,
203,렉스엘이앤지,004790,2014-03-04,"기업의 계속성, 경영의 투명성 또는 기타 코스닥시장의 건전성 등을 종합적으로 고려하여 상장폐지가 필요하다고 인정",
202,세미텍,081220,2014-03-03,피흡수합병,
201,동북아4호,080970,2014-02-18,신청에 의한 상장폐지,
200,동북아3호,080960,2014-02-11,신청에 의한 상장폐지,
199,테라리소스,053320,2014-02-07,기업의 계속성 및 경영의 투명성 등을 종합적으로 고려하여 상장폐지기준에 해당,
198,중국식품포장,900060,2013-10-11,상장폐지신청('13.09.06),
197,중국고섬,950070,2013-10-04,감사의견 의견거절,
196,에스와이코퍼레이션,008080,2013-09-25,신청에 의한 상장폐지,
195,예당,049000,2013-09-10,기업의 계속성 및 경영의 투명성 등을 종합적으로 고려하여 상장폐지기준에 해당,
194,위다스,056810,2013-09-10,의견거절(감사범위 제한),
193,동북아2호,080030,2013-08-19,신청에 의한 상장폐지,
192,지아이바이오,035450,2013-08-07,감사의견거절(감사범위 제한 및 계속기업으로서의 존속능력에 대한 불확실성),
191,IBKS스팩1호,126680,2013-07-29,상장예비심사 청구서 미제출로 관리종목 지정 후 1개월 이내 동 사유 미해소,
190,에스비엠,037630,2013-07-24,감사의견거절(감사범위 제한 및 계속기업으로서의 존속능력에 대한 불확실성),
189,전북은행,006350,2013-07-18,지주회사의 완전자회사화(지주회사 신규상장),
188,동부티에스블랙펄스팩,128910,2013-07-15,상장예비심사 청구서 미제출로 관리종목 지정 후 1개월 이내 동 사유 미해소,
187,제너시스템즈,073930,2013-07-12,자본전액잠식,
186,우경,025920,2013-07-10,감사의견거절(감사범위 제한),
185,3노드디지탈,900010,2013-06-05,상장폐지 신청('13.05.08),
184,글로스텍,012410,2013-06-04,감사의견 의견거절,
183,부국퓨쳐스타즈스팩,123300,2013-06-03,상장예비심사 청구서 미제출로 관리종목 지정 후 1개월 이내 동 사유 미해소,
182,지앤에스티,036920,2013-05-07,감사의견거절(감사범위 제한),
181,룩손에너지,033550,2013-05-07,감사의견거절(감사범위 제한 및 계속기업으로서의 존속능력에 대한 불확실성),
180,마이스코,088700,2013-05-04,감사의견거절(계속기업으로서의 존속능력에 대한 불확실성),
179,네오퍼플,028090,2013-05-03,감사의견거절(감사범위 제한 및 계속기업으로서의 존속능력에 대한 불확실성),
178,알앤엘바이오,003190,2013-05-03,감사의견 의견거절,
177,에듀언스,009010,2013-05-01,감사의견거절(감사범위 제한 및 계속기업으로서의 존속능력에 대한 불확실성),
176,자유투어,046840,2013-05-01,감사의견거절(감사범위 제한),
175,유일엔시스,038720,2013-05-01,감사의견 부적정,
174,디에스,051710,2013-05-01,감사의견거절(감사범위 제한 및 계속기업으로서의 존속능력에 대한 불확실성),
173,하나은행,004940,2013-04-26,신청에 의한 상장폐지,
172,아큐텍,013780,2013-04-23,"기업의 계속성, 경영의 투명성 또는 기타 코스닥시장의 건전성 등을 종합적으로 고려하여 상장폐지가 필요하다고 인정",
171,유에이블,071530,2013-04-23,"기업의 계속성, 경영의 투명성 또는 기타 코스닥시장의 건전성 등을 종합적으로 고려하여 상장폐지가 필요하다고 인정",
170,다함이텍,009280,2013-04-16,매출액 미달(50억원 미만) 2년 계속,
169,한일건설,006440,2013-04-16,자본전액잠식,
168,이디디컴퍼니,052650,2013-04-12,반기 재무제표에 대한 검토의견거절로 관리종목 지정후 자본잠식률 50% 이상,
167,삼우이엠씨,026250,2013-04-12,자본전액잠식,
166,휴먼텍코리아,066060,2013-04-12,자본전액잠식,
165,코리아05호,093400,2013-04-10,감사의견 의견거절,
164,코리아06호,093410,2013-04-10,감사의견 의견거절,
163,코리아07호,099210,2013-04-10,감사의견 의견거절,
162,엔터미디어,068420,2013-04-06,"기업의 계속성, 경영의 투명성 또는 기타 코스닥시장의 건전성 등을 종합적으로 고려하여 상장폐지가 필요하다고 인정",
161,대신증권그로쓰스팩,123550,2013-03-29,상장예비심사 청구서 미제출로 관리종목 지정 후 1개월 이내 동 사유 미해소,
160,한국스팩1호,123290,2013-03-29,상장예비심사 청구서 미제출로 관리종목 지정 후 1개월 이내 동 사유 미해소,
159,에스비아이앤솔로몬스,123910,2013-03-29,상장예비심사 청구서 미제출로 관리종목 지정 후 1개월 이내 동 사유 미해소,
158,태평양제약,016570,2013-03-15,신청에 의한 상장폐지,
157,신민저축은행,031920,2013-02-27,2반기 연속 자본잠식률 50%이상,
156,트라이써클,034010,2013-02-21,"기업의 계속성, 경영의 투명성 또는 기타 코스닥시장의 건전성 등을 종합적으로 고려하여 상장폐지가 필요하다고 인정",
155,한화SV스팩1호,124050,2013-02-15,상장예비심사 청구서 미제출로 관리종목 지정후 1개월 이내 동 사유 미해소,
154,AD모터스,038120,2013-01-30,"기업의 계속성, 경영의 투명성 또는 기타 코스닥시장의 건전성 등을 종합적으로 고려하여 상장폐지가 필요하다고 인정",
153,대한은박지,007480,2013-01-28,해산 사유 발생,
152,아세아페이퍼텍,009380,2013-01-23,해산 사유 발생,
151,롯데미도파,004010,2013-01-22,해산 사유 발생,
150,히든챔피언스팩1호,123160,2013-01-18,상장예비심사 청구서 미제출로 관리종목 지정후 1개월 이내 동 사유 미해소,
149,선진지주,014300,2013-01-18,해산 사유 발생,
148,케이피케미칼,064420,2013-01-15,해산 사유 발생,
147,우리스팩1호,122750,2012-12-21,SPAC 상장예비심사청구서 미제출 등,
146,중앙건설,015110,2012-12-11,보통주 주가수준미달,
145,알에스넷,046430,2012-12-05,"기업의 계속성, 경영의 투명성 또는 기타 코스닥시장의 건전성 등을 종합적으로 고려하여 상장폐지가 필요하다고 인정",
144,큐리어스,045050,2012-11-27,"기업의 계속성, 경영의 투명성 또는 기타 코스닥시장의 건전성 등을 종합적으로 고려하여 상장폐지가 필요하다고 인정",
143,넷웨이브,047730,2012-11-17,기업의 계속성 및 경영의 투명성 등을 종합적으로 고려하여 상장폐지 기준에 해당한다고 결정,
142,어울림 네트,042820,2012-11-17,기업의 계속성 및 경영의 투명성 등을 종합적으로 고려하여 상장폐지 기준에 해당한다고 결정,
141,엑큐리스,048460,2012-11-16,피흡수합병,
140,코원에너지서비스,026870,2012-11-15,신청에 의한 상장폐지,
139,동양밸류스팩,122290,2012-11-07,SPAC 상장예비심사청구서 미제출 등,
138,티브로드도봉강북방송,035210,2012-11-01,상장폐지신청('12.09.26),
137,넥스콘테크,038990,2012-11-01,상장폐지신청('12.10.09),
136,한빛방송,043890,2012-11-01,상장폐지 신청('12.09.26),
135,미래에셋스팩1호,121950,2012-10-23,상장예비심사 청구서 미제출로 관리종목 지정후 1개월 이내 동 사유 미해소,
134,진흥저축은행,007200,2012-10-17,자본전액잠식,
133,서울저축은행,016560,2012-10-17,자본잠식(자본금의 50/100이상 잠식) 2년 계속,
132,대우증권스팩,121910,2012-10-15,SPAC 상장예비심사청구서 미제출 등,
131,인스프리트,073130,2012-10-12,자본잠식률 50% 이상으로 관리종목 지정 이후 최근 반기의 재무제표에 대한 감사인의 감사의견거절 등,
130,웨스테이트,016140,2012-10-12,상장폐지신청('12.09.12),
129,SSCP,071660,2012-09-29,최종부도 발생,
128,유아이에너지,050050,2012-09-26,자본전액잠식,
127,성융광전투자,900150,2012-09-26,감사의견거절(감사범위 제한 및 계속기업존속능력 불확실성),
126,무한투자,034510,2012-09-25,시가총액 40억원 미달,
125,연합과기,900030,2012-09-14,감사의견 의견거절,
124,동양텔레콤,007150,2012-09-11,2회 연속 자본잠식률 50%이상,
123,어울림엘시스,033280,2012-09-11,2반기 연속 자본잠식률 50%이상,
122,어울림정보,038320,2012-09-08,2반기 연속 자본잠식률 50%이상,
121,엔케이바이오,019260,2012-09-05,"기업의 계속성, 경영의 투명성 또는 기타 코스닥시장의 건전성 등을 종합적으로 고려하여 상장폐지 기준에 해당한다고 결정",
120,배명금속,011800,2012-09-03,최종부도발생,
119,금강제강,105070,2012-08-14,최종부도 발생,
118,디에이치패션,045260,2012-08-01,"기업의 계속성, 경영의 투명성 또는 기타 코스닥시장의 건전성 등을 종합적으로 고려하여 상장폐지가 필요하다고 인정",
117,솔로몬저축은행,007800,2012-07-25,"기업의 계속성, 경영의 투명성 및 기타 공익과 투자자 보호 등을 종합적으로 고려하여 상장폐지 기준에 해당한다고 결정",
116,한국저축은행,025610,2012-07-25,"기업의 계속성, 경영의 투명성 및 기타 공익과 투자자 보호 등을 종합적으로 고려하여 상장폐지 기준에 해당한다고 결정",
115,엔스퍼트,098400,2012-07-24,"기업의계속성, 경영의 투명성 또는 기타 코스닥시장의 건전성 등을 종합적으로 고려하여 상장폐지 기준에 해당한다고 결정",
114,그린손해보험,000470,2012-07-16,자본전액잠식,
113,한림창투,021060,2012-06-27,"기업의계속성, 경영의 투명성 또는 기타 코스닥시장의 건전성 등을 종합적으로 고려하여 상장폐지 기준에 해당한다고 결정",
112,대우송도개발,004550,2012-06-22,"기업의 계속성, 경영의 투명성 및 기타 공익과 투자자 보호 등을 종합적으로 고려하여 상장폐지 기준에 해당한다고 결정",
111,허메스홀딩스,012400,2012-06-12,감사의견 의견거절,
110,클루넷,067130,2012-06-08,"기업의 계속성, 경영의 투명성 또는 기타 코스닥시장의 건전성 등을 종합적으로 고려하여 상장폐지 기준에 해당한다고 결정",
109,케이비물산,008540,2012-06-08,감사의견 의견거절,
108,평안물산,037240,2012-06-01,감사의견거절(감사범위제한),
107,JH코오스,065310,2012-05-31,기업의 계속성 및 경영의 투명성 등을 종합적으로 고려하여 상장폐지 기준에 해당한다고 결정,
106,거북선4호,108890,2012-05-24,신청에 의한 상장폐지,
105,풍림산업,001310,2012-05-18,최종부도발생,
104,블루젬디앤씨,053040,2012-05-17,감사의견거절(감사범위 제한 및 계속기업존속 불확실성),
103,CT&T,050470,2012-05-01,감사 의견거절(감사범위 제한),
102,아인스M&M,040740,2012-05-01,감사의견거절(감사범위 제한 및 계속기업존속 불확실성),
101,폴리플러스,065610,2012-05-01,감사의견거절(감사범위제한),
100,보광티에스,066690,2012-05-01,감사의견 거절(감사범위 제한 및 계속기업존속불확실성),
99,비앤비성원,015200,2012-05-01,감사의견거절(감사범위제한),
98,에이프로테크놀로지,045470,2012-04-24,사업보고서 법정제출기한 익일부터 10일 이내 미제출 등,
97,에피밸리,068630,2012-04-24,사업보고서 법정제출기한 익일부터 10일 이내 미제출,
96,한국아태특별,098150,2012-04-23,해산 사유 발생,
95,케이알제2호,101790,2012-04-17,자본잠식(자본금의 50/100이상 잠식) 2년 계속,
94,코아에스앤아이,052350,2012-04-17,감사의견거절(감사범위 제한),
93,미주제강,002670,2012-04-17,발행한 어음 또는 수표가 주거래은행에 의하여 최종부도로 결정되거나 거래은행에 의한 거래 정지,
92,평산,089480,2012-04-13,감사의견거절(감사범위제한),
91,엘앤씨피,015390,2012-04-13,감사의견거절(감사범위제한),
90,아이스테이션,056010,2012-04-13,자본전액잠식 등,
89,미리넷,056710,2012-04-13,자본전액잠식,
88,대국,042340,2012-04-13,최근3사업연도중2사업연도자기자본 50%초과법인세비용차감전손실발생,
87,미성포리테크,094700,2012-04-13,자본전액잠식,
86,시노펙스그린테크,037320,2012-03-19,피흡수합병,
85,거북선5호,114130,2012-03-02,신청에 의한 상장폐지,
84,거북선7호,134000,2012-03-02,신청에 의한 상장폐지,
83,거북선6호,114140,2012-03-02,신청에 의한 상장폐지,
82,씨티엘테크,088960,2012-02-08,기업의 계속성 및 경영의 투명성 등을 종합적으로 고려하여 상장폐지 기준에 해당한다고 결정,
81,한국유전15-1,093820,2012-02-01,해산 사유 발생,
80,엔하이테크,046720,2012-02-01,기업의 계속성 및 경영의 투명성 등을 종합적으로 고려하여 상장폐지 기준에 해당한다고 결정,
79,에이원마이크로,037380,2012-02-01,기업의 계속성 및 경영의 투명성 등을 종합적으로 고려하여 상장폐지 기준에 해당한다고 결정,
78,지앤디윈텍,061050,2012-01-20,기업의 계속성 및 경영의 투명성 등을 종합적으로 고려하여 상장폐지 기준에 해당한다고 결정,
77,에이스앤파트너스,032930,2012-01-18,피흡수합병,
76,코오롱아이넷,022520,2012-01-11,해산 사유 발생,
75,엘앤피아너스,061140,2011-12-28,"기업의 계속성, 경영의 투명성 또는 기타 코스닥시장의 건전성 등을 종합적으로 고려하여 상장폐지가 필요하다고 결정",
74,그린기술투자,025340,2011-12-28,기업의 계속성 및 경영의 투명성 등을 종합적으로 고려하여 상장폐지 기준에 해당한다고 결정,
73,알덱스,025970,2011-12-20,피흡수합병,
72,디앤샵,090090,2011-12-15,피흡수합병,
71,더체인지,054120,2011-12-15,피흡수합병,
70,에스티씨라이프,026220,2011-11-29,기업의 계속성 및 경영의 투명성 등을 종합적으로 고려하여 상장폐지 기준에 해당한다고 결정,
69,코웰이홀딩스,900020,2011-11-26,상장폐지신청('11.10.27),
68,네스테크,037540,2011-11-26,"기업의 계속성, 경영의 투명성 또는 기타 코스닥시장의 건전성 등을 종합적으로 고려하여 상장폐지 기준에 해당한다고 결정",
67,맵스베트남1,094520,2011-11-24,신청에 의한 상장폐지,
66,아시아미디어홀딩스,052810,2011-11-22,"기업의 계속성, 경영의 투명성 또는 기타 코스닥시장의 건전성 등을 종합적으로 고려하여 상장폐지 기준에 해당한다고 결정",
65,네프로아이티,950030,2011-11-05,기업의 계속성 및 경영의 투명성 등을 종합적으로 고려하여 상장폐지 기준에 해당한다고 결정,
64,하나투어,039130,2011-11-01,유가증권시장 상장,하나투어
63,클라스타,037550,2011-10-26,"자본잠식률 50% 이상으로 관리종목 지정 후, 최근 반기의 재무제표에 대한 감사인의 감사의견 거절",
62,대양글로벌,040180,2011-10-25,감사의견거절(감사범위 제한),
61,제일저축은행,024100,2011-10-14,자본전액잠식,
60,제일창투,026540,2011-10-14,감사의견거절(감사범위제한),
59,토자이홀딩스,037700,2011-10-12,기업의 계속성 및 경영의 투명성 등을 종합적으로 고려하여 상장폐지 기준에 해당한다고 결정,
58,선팩테크,054010,2011-10-06,감사의견거절(감사범위 제한 및 계속기업으로서의 존속능력에 대한 불확실성),
57,에코페트로시스템,042870,2011-10-06,감사의견거절(감사범위 제한 및 계속기업으로서의 존속능력에 대한 불확실성),
56,하이트맥주,103150,2011-09-26,해산 사유 발생,
55,씨모텍,081090,2011-09-23,감사의견거절(감사범위 제한 및 계속기업으로서의 존속능력에 대한 불확실성) 등,
54,큐앤에스,052880,2011-09-23,상장폐지사유 발생,
53,히스토스템,036840,2011-09-15,"기업의 계속성, 경영의 투명성 또는 기타 코스닥시장의 건전성등을 종합적으로 고려하여 상장폐지가 필요하다고 인정",
52,동양매직,023020,2011-09-14,피흡수합병,
51,케이에스알,066340,2011-09-09,자본잠식률 50% 이상으로 관리종목 지정 후 반기보고서 법정제출기한 익일부터 10일 이내 반기 검토(감사)보고서 미제출,
50,세계투어,047600,2011-09-09,자본잠식률 50% 이상으로 관리종목 지정 후 반기보고서 법정제출기한 익일부터 10일이내 반기검토(감사)보고서 미제출,
49,에이블씨엔씨,078520,2011-09-07,유가증권시장 상장,에이블씨엔씨
48,에이스디지텍,036550,2011-08-22,피흡수합병,
47,이룸지엔지,050640,2011-08-20,"기업의 계속성, 경영의 투명성 또는 기타 코스닥시장의 건전성 등을 종합적으로 고려하여 상장폐지가 필요하다고 인정",
46,코오롱아이넷,022520,2011-07-19,유가증권시장 상장,
45,현대DSF,016510,2011-07-18,해산 사유 발생,
44,글로웍스,034600,2011-06-29,자본잠식률 50%이상으로 관리종목 지정 후 반기 재무제표에 대한 감사의견 거절,
43,다산리츠,105380,2011-06-24,감사의견 의견거절,
42,에코솔루션,052510,2011-06-16,감사의견거절(감사범위 제한 및 계속기업으로서의 존속능력에 대한 불확실성),
41,헤파호프,039350,2011-06-16,기업의 계속성 및 경영의 투명성 등을 종합적으로 고려하여 상장폐지 기준에 해당한다고 결정,
40,에듀패스,031950,2011-06-09,"기업의 계속성, 경영의 투명성 또는 기타 코스닥시장의 건전성 등을 종합적으로 고려하여 상장폐지가 필요하다고 인정",
39,대구은행,005270,2011-06-07,지주회사의 완전자회사화(지주회사 신규상장),
38,캠브리지코오롱,004620,2011-05-17,해산 사유 발생,
37,티엘씨레저,014590,2011-05-13,감사의견 의견거절,
36,훈영,017170,2011-05-13,감사의견 의견거절,
35,디패션,030420,2011-05-07,감사의견 부적정,
34,나이스메탈,072530,2011-05-07,감사의견거절(감사범위 제한 및 계속기업으로서의 존속능력에 대한 불확실성),
33,콜마파마,038710,2011-05-07,감사의견거절(계속기업으로서의 존속능력에 대한 불확실성),
32,지노시스템,033850,2011-05-07,감사의견거절(감사범위제한),
31,넥서스투자,019430,2011-04-29,감사의견거절(감사범위제한),
30,맥스브로,088810,2011-04-29,감사의견거절(감사범위 제한 및 계속기업으로서의 존속능력에 대한 불확실성),
29,세븐코스프,017160,2011-04-29,감사의견거절(감사범위제한 및 계속기업으로서의 존속능력에 대한 불확실성),
28,유니텍전자,039040,2011-04-29,감사의견거절(감사범위 제한 및 계속기업으로서의 존속능력에 대한 불확실성),
27,지앤알,043630,2011-04-29,감사의견거절(감사범위 제한 및 계속기업으로서의 존속능력에 대한 불확실성),
26,뉴젠아이씨티,054150,2011-04-29,감사의견거절(감사범위제한),
25,엔빅스,054170,2011-04-29,감사의견거절(감사범위 제한),
24,오라바이오틱스,016160,2011-04-26,공시서류 미제출(사업보고서) 후 10일이내 미제출,
23,알티전자,032290,2011-04-23,사업보고서 법정제출기한 익일부터 10일 이내 미제출,
22,포휴먼,049690,2011-04-23,사업보고서 법정제출기한 익일부터 10일이내 미제출,
21,한와이어리스,037020,2011-04-23,사업보고서 법정제출기한 익일부터 10일이내 미제출,
20,제이콤,060750,2011-04-16,최종부도 발생,
19,봉신,005350,2011-04-15,자본전액잠식,
18,셀런,013240,2011-04-15,자본전액잠식,
17,엠엔에프씨,048640,2011-04-13,자본전액잠식 등,
16,대선조선,031990,2011-04-13,자본전액잠식 등,
15,스톰이앤에프,043680,2011-04-13,자본전액잠식 등,
14,중앙디자인,030030,2011-04-13,자본전액잠식,
13,경윤하이드로,019120,2011-04-06,기업의 계속성 및 경영의 투명성 등을 종합적으로 고려하여 상장폐지 기준에 해당한다고 결정,
12,부산은행,005280,2011-03-30,지주회사의 완전자회사화(지주회사 신규상장),
11,CJ인터넷,037150,2011-03-22,씨제이이앤엠(주)에 피흡수합병,
10,온미디어,045710,2011-03-22,해산 사유 발생,
9,엠넷미디어,056200,2011-03-22,씨제이이앤엠(주)에 피흡수합병,
8,핸디소프트,032380,2011-03-03,기업의 계속성 및 경영의 투명성 등을 종합적으로 고려하여 상장폐지 기준에 해당한다고 결정,
7,한국전기초자,009720,2011-02-16,신청에 의한 상장폐지,
6,에스브이에이치,046240,2011-02-12,기업의 계속성 및 경영의 투명성 등을 종합적으로 고려하여 상장폐지 기준에 해당한다고 결정,
5,세실,084450,2011-02-10,감사의견거절(범위제한 및 계속기업 존속 불확실성),
4,아이피에스,051820,2011-01-14,피흡수합병,
3,네이쳐글로벌,088020,2011-01-08,"기업의 계속성, 경영의 투명성 또는 기타 코스닥시장의 건전성 등을 종합적으로 고려하여 상장폐지 기준에 해당한다고 결정",
2,지비베트남1,094950,2011-01-05,해산 사유 발생,
1,동북아8호,082110,2011-01-04,종목별 상장폐지신청,
